year,metric,value_idr,source_note,verification_status,public_allowed
2015,belanja_apbn,1806500000000000,BASELINE_REVIEW_BPS_KEMENKEU_APBN_KITA_NOTA_KEUANGAN,BASELINE_REVIEW,false
2015,pendapatan_pajak,1060800000000000,BASELINE_REVIEW_BPS_KEMENKEU_APBN_KITA_NOTA_KEUANGAN,BASELINE_REVIEW,false
2015,hasil_sda,100900000000000,BASELINE_REVIEW_BPS_KEMENKEU_APBN_KITA_NOTA_KEUANGAN,BASELINE_REVIEW,false
2016,belanja_apbn,1864300000000000,BASELINE_REVIEW_BPS_KEMENKEU_APBN_KITA_NOTA_KEUANGAN,BASELINE_REVIEW,false
2016,pendapatan_pajak,1105800000000000,BASELINE_REVIEW_BPS_KEMENKEU_APBN_KITA_NOTA_KEUANGAN,BASELINE_REVIEW,false
2016,hasil_sda,64900000000000,BASELINE_REVIEW_BPS_KEMENKEU_APBN_KITA_NOTA_KEUANGAN,BASELINE_REVIEW,false
2017,belanja_apbn,2007400000000000,BASELINE_REVIEW_BPS_KEMENKEU_APBN_KITA_NOTA_KEUANGAN,BASELINE_REVIEW,false
2017,pendapatan_pajak,1343500000000000,BASELINE_REVIEW_BPS_KEMENKEU_APBN_KITA_NOTA_KEUANGAN,BASELINE_REVIEW,false
2017,hasil_sda,111100000000000,BASELINE_REVIEW_BPS_KEMENKEU_APBN_KITA_NOTA_KEUANGAN,BASELINE_REVIEW,false
2018,belanja_apbn,2213100000000000,BASELINE_REVIEW_BPS_KEMENKEU_APBN_KITA_NOTA_KEUANGAN,BASELINE_REVIEW,false
2018,pendapatan_pajak,1518800000000000,BASELINE_REVIEW_BPS_KEMENKEU_APBN_KITA_NOTA_KEUANGAN,BASELINE_REVIEW,false
2018,hasil_sda,180600000000000,BASELINE_REVIEW_BPS_KEMENKEU_APBN_KITA_NOTA_KEUANGAN,BASELINE_REVIEW,false
2019,belanja_apbn,2309300000000000,BASELINE_REVIEW_BPS_KEMENKEU_APBN_KITA_NOTA_KEUANGAN,BASELINE_REVIEW,false
2019,pendapatan_pajak,1546100000000000,BASELINE_REVIEW_BPS_KEMENKEU_APBN_KITA_NOTA_KEUANGAN,BASELINE_REVIEW,false
2019,hasil_sda,154900000000000,BASELINE_REVIEW_BPS_KEMENKEU_APBN_KITA_NOTA_KEUANGAN,BASELINE_REVIEW,false
2020,belanja_apbn,2589900000000000,BASELINE_REVIEW_BPS_KEMENKEU_APBN_KITA_NOTA_KEUANGAN,BASELINE_REVIEW,false
2020,pendapatan_pajak,1285100000000000,BASELINE_REVIEW_BPS_KEMENKEU_APBN_KITA_NOTA_KEUANGAN,BASELINE_REVIEW,false
2020,hasil_sda,97200000000000,BASELINE_REVIEW_BPS_KEMENKEU_APBN_KITA_NOTA_KEUANGAN,BASELINE_REVIEW,false
2021,belanja_apbn,2786400000000000,BASELINE_REVIEW_BPS_KEMENKEU_APBN_KITA_NOTA_KEUANGAN,BASELINE_REVIEW,false
2021,pendapatan_pajak,1547800000000000,BASELINE_REVIEW_BPS_KEMENKEU_APBN_KITA_NOTA_KEUANGAN,BASELINE_REVIEW,false
2021,hasil_sda,149500000000000,BASELINE_REVIEW_BPS_KEMENKEU_APBN_KITA_NOTA_KEUANGAN,BASELINE_REVIEW,false
2022,belanja_apbn,3096300000000000,BASELINE_REVIEW_BPS_KEMENKEU_APBN_KITA_NOTA_KEUANGAN,BASELINE_REVIEW,false
2022,pendapatan_pajak,2034600000000000,BASELINE_REVIEW_BPS_KEMENKEU_APBN_KITA_NOTA_KEUANGAN,BASELINE_REVIEW,false
2022,hasil_sda,268800000000000,BASELINE_REVIEW_BPS_KEMENKEU_APBN_KITA_NOTA_KEUANGAN,BASELINE_REVIEW,false
2023,belanja_apbn,3121900000000000,BASELINE_REVIEW_BPS_KEMENKEU_APBN_KITA_NOTA_KEUANGAN,BASELINE_REVIEW,false
2023,pendapatan_pajak,2155400000000000,BASELINE_REVIEW_BPS_KEMENKEU_APBN_KITA_NOTA_KEUANGAN,BASELINE_REVIEW,false
2023,hasil_sda,223300000000000,BASELINE_REVIEW_BPS_KEMENKEU_APBN_KITA_NOTA_KEUANGAN,BASELINE_REVIEW,false
2024,belanja_apbn,3350300000000000,BASELINE_REVIEW_BPS_KEMENKEU_APBN_KITA_NOTA_KEUANGAN,BASELINE_REVIEW,false
2024,pendapatan_pajak,2309900000000000,BASELINE_REVIEW_BPS_KEMENKEU_APBN_KITA_NOTA_KEUANGAN,BASELINE_REVIEW,false
2024,hasil_sda,204900000000000,BASELINE_REVIEW_BPS_KEMENKEU_APBN_KITA_NOTA_KEUANGAN,BASELINE_REVIEW,false
2025,belanja_apbn,3621300000000000,BASELINE_REVIEW_BPS_KEMENKEU_APBN_KITA_NOTA_KEUANGAN,BASELINE_REVIEW,false
2025,pendapatan_pajak,2490900000000000,BASELINE_REVIEW_BPS_KEMENKEU_APBN_KITA_NOTA_KEUANGAN,BASELINE_REVIEW,false
2025,hasil_sda,217300000000000,BASELINE_REVIEW_BPS_KEMENKEU_APBN_KITA_NOTA_KEUANGAN,BASELINE_REVIEW,false
