tahun,col,Program,Dasar_Hukum,Anggaran,Output,Status,Aksi,Pos_Anggaran,Nilai,Sasaran,Lembaga_DPRD,Sumber_Dana,Keterangan
2026,AIH-8ACC96F494C6D6BA,Flyover Latumenten Jakarta Barat Disebut Bisa Kurangi Macet 40 Persen,https://www.cnnindonesia.com/nasional/20260703204701-20-1376641/flyover-latumenten-jakarta-barat-disebut-bisa-kurangi-macet-40-persen,,"Anggota DPRD DKI, Hardiyanto Kenneth, menyatakan Flyover Latumenten akan kurangi kemacetan 40%. Proyek ini ditargetkan selesai Desember 2026.",DRAFT_REVIEW_NEEDS_EVIDENCE,,,,,,APBN/APBD_NEEDS_MAPPING,AI_HUNTER_RSS
2026,AIH-821F7D4B01246B40,"Purbaya Ungkap Dampak MBG di Jateng, Ciptakan 193 Ribu Lowongan Kerja",https://www.cnbcindonesia.com/news/20260703172118-4-747928/purbaya-ungkap-dampak-mbg-di-jateng-ciptakan-193-ribu-lowongan-kerja,,"Menteri Keuangan Purbaya Yudhi Sadewa mengungkapkan program Makan Bergizi Gratis di Jateng telah menjangkau 9,16 juta penerima manfaat hingga 2026.",DRAFT_REVIEW_NEEDS_EVIDENCE,,,,,,APBN/APBD_NEEDS_MAPPING,AI_HUNTER_RSS
2026,AIH-D2E746A91CF7F44C,Keluarga Dokter Icha Laporkan Tiga Anggota DPRD TTU ke Polda NTT,https://www.cnnindonesia.com/nasional/20260703111631-12-1376378/keluarga-dokter-icha-laporkan-tiga-anggota-dprd-ttu-ke-polda-ntt,,Keluarga Dokter Icha laporkan tiga anggota DPRD TTU ke Polda NTT terkait dugaan intimidasi. Kasus ini menarik perhatian publik dan dibentuk tim investiga,DRAFT_REVIEW_NEEDS_EVIDENCE,,,,,,APBN/APBD_NEEDS_MAPPING,AI_HUNTER_RSS
2026,AIH-36371DEEB27ED748,DPRD Beri Lampu Hijau Perubahan Nama Jawa Barat Jadi Tatar Sunda,https://www.cnnindonesia.com/nasional/20260702194838-32-1376225/dprd-beri-lampu-hijau-perubahan-nama-jawa-barat-jadi-tatar-sunda,,DPRD Jabar setujui usulan pergantian nama provinsi menjadi Tatar Sunda. Langkah ini bertujuan menjaga identitas lokal dan mendapatkan dukungan penuh fraksi.,DRAFT_REVIEW_NEEDS_EVIDENCE,,,,,,APBN/APBD_NEEDS_MAPPING,AI_HUNTER_RSS
2026,AIH-3B8426630EB8AF0A,"DPR Ungkap Rencana Besar PFII: Pajak 0%, Pakai Sistem Common Law!",https://www.cnbcindonesia.com/news/20260703085426-4-747727/dpr-ungkap-rencana-besar-pfii-pajak-0-pakai-sistem-common-law,,DPR mengungkap keunggulan Pusat Finansial Internasional Indonesia yang dirancang untuk menarik investasi global dan meningkatkan daya saing sektor keuangan.,DRAFT_REVIEW_NEEDS_EVIDENCE,,,,,,APBN/APBD_NEEDS_MAPPING,AI_HUNTER_RSS
2026,AIH-C1CF781FE44FB10C,"Neraca Dagang Defisit dan PMI Jatuh, DPR Minta Pemerintah Waspada",https://www.cnbcindonesia.com/news/20260703084545-4-747720/neraca-dagang-defisit-pmi-jatuh-dpr-minta-pemerintah-waspada,,"Komisi XI DPR RI mengingatkan tentang kondisi ekonomi Indonesia pada Juni 2026, dengan inflasi naik, PMI manufaktur turun, dan defisit neraca perdagangan.",DRAFT_REVIEW_NEEDS_EVIDENCE,,,,,,APBN/APBD_NEEDS_MAPPING,AI_HUNTER_RSS
2026,AIH-5EF2309420AA9F80,DPRD Kota Bandung Minta Penataan PKL dan UMKM Utamakan Kepastian Usaha,https://www.cnnindonesia.com/nasional/20260625134538-25-1373184/dprd-kota-bandung-minta-penataan-pkl-dan-umkm-utamakan-kepastian-usaha,,"Radea Respati nilai penataan kota perlu strategi relokasi PKL dan UMKM yang komprehensif, dorong informasi lokasi baru untuk keberlangsungan usaha.",DRAFT_REVIEW_NEEDS_EVIDENCE,,,,,,APBN/APBD_NEEDS_MAPPING,AI_HUNTER_RSS
2026,AIH-E11207181517E066,"Layer Baru Cukai Rokok Belum Diberlakukan, Ini Masukan DPR ke Purbaya",https://www.cnbcindonesia.com/news/20260622054924-4-744437/layer-baru-cukai-rokok-belum-diberlakukan-ini-masukan-dpr-ke-purbaya,,Menteri Keuangan Purbaya Yudhi Sadewa belum menjelaskan penerapan layer cukai rokok baru ke Komisi XI DPR,DRAFT_REVIEW_NEEDS_EVIDENCE,,,,,,APBN/APBD_NEEDS_MAPPING,AI_HUNTER_RSS
2026,AIH-FAA8B8EF71744AAD,Lautan Manusia! Ribuan Pengunjung Padat Sesak di Jakarta Fair PRJ 2026,https://www.cnbcindonesia.com/news/20260704185709-7-748062/lautan-manusia-ribuan-pengunjung-padat-sesak-di-jakarta-fair-prj-2026,Rp 2.026.000.000.000.000,Pramono menargetkan Jakarta Fair 2026 mampu menarik lebih dari 6 juta pengunjung dengan nilai transaksi melampaui Rp8 triliun.,DRAFT_REVIEW_NEEDS_EVIDENCE,,,,,,APBN/APBD_NEEDS_MAPPING,AI_HUNTER_RSS
2026,AIH-96FA05D9905FF1D7,"Akhir Pekan Tiba, Waktunya Belanja Murah di Transmart Full Day Sale!",https://www.cnbcindonesia.com/news/20260704141229-4-748035/akhir-pekan-tiba-waktunya-belanja-murah-di-transmart-full-day-sale,,Manfaatkan Transmart Full Day Sale pada 5 Juli 2026 dengan diskon hingga 50% + 20% untuk kebutuhan sehari-hari dan elektronik. Promo berlaku hingga pukul 22.00!,DRAFT_REVIEW_NEEDS_EVIDENCE,,,,,,APBN/APBD_NEEDS_MAPPING,AI_HUNTER_RSS
2026,AIH-E373054696A94DCF,"Bayar Pajak Kendaraan di PRJ 2026, Bebas Denda dan Dapat Suvenir",https://www.cnbcindonesia.com/news/20260704140237-4-748034/bayar-pajak-kendaraan-di-prj-2026-bebas-denda-dapat-suvenir,,Pemprov DKI Jakarta hapus sanksi administrasi pajak kendaraan hingga 31 Agustus 2026. Bayar pajak di Gerai Samsat PRJ sambil menikmati pameran.,DRAFT_REVIEW_NEEDS_EVIDENCE,,,,,,APBN/APBD_NEEDS_MAPPING,AI_HUNTER_RSS
2026,AIH-A59FBDBB103A6DC0,RUU Sisdiknas Pertegas Anggaran Pendidikan 20 Persen,https://nasional.tempo.co/read/2112540/ruu-sisdiknas-pertegas-anggaran-pendidikan-20-persen,Rp 20,Panja DPR mengklaim penguatan mandatory spending anggaran pendidikan 20 persen dalam draf RUU Sisdiknas.,DRAFT_REVIEW_NEEDS_EVIDENCE,,,,,,APBN/APBD_NEEDS_MAPPING,AI_HUNTER_RSS
2026,AIH-E11A7CD827F86C9E,Daftar Rekomendasi DPRD Usul Ubah Nama Jawa Barat Jadi Tatar Sunda,https://www.cnnindonesia.com/nasional/20260708181643-20-1378456/daftar-rekomendasi-dprd-usul-ubah-nama-jawa-barat-jadi-tatar-sunda,Rp 1,Komisi 1 DPRD Jabar merekomendasikan kajian perubahan nama Provinsi Jawa Barat menjadi Tatar Sunda dan penguatan nilai budaya Sunda dalam kurikulum pendidikan.,DRAFT_REVIEW_NEEDS_EVIDENCE,,,,,,APBN/APBD_NEEDS_MAPPING,AI_HUNTER_RSS
2026,AIH-C2BEBF94014799DD,Komisi I DPRD Serahkan Rekomendasi Kajian Nama Tatar Sunda ke Pemprov,https://www.cnnindonesia.com/nasional/20260708164904-20-1378420/komisi-i-dprd-serahkan-rekomendasi-kajian-nama-tatar-sunda-ke-pemprov,,Wacana perubahan nama Provinsi Jawa Barat menjadi Provinsi Sunda terus dibahas DPRD. Rekomendasi akan diserahkan ke Pemprov untuk kajian lebih lanjut.,DRAFT_REVIEW_NEEDS_EVIDENCE,,,,,,APBN/APBD_NEEDS_MAPPING,AI_HUNTER_RSS
2026,AIH-F65E579E4B94756A,Ono Surono dan KDM Sepakat Tidak Ubah Jawa Barat Jadi Tatar Sunda,https://www.cnnindonesia.com/nasional/20260708145657-20-1378373/ono-surono-dan-kdm-sepakat-tidak-ubah-jawa-barat-jadi-tatar-sunda,,"Wakil Ketua DPRD Jabar, Ono Surono, menegaskan tidak ada usulan mengubah Provinsi Jabar jadi Tatar Sunda. Gubernur Dedi Mulyadi juga menolak wacana tersebut.",DRAFT_REVIEW_NEEDS_EVIDENCE,,,,,,APBN/APBD_NEEDS_MAPPING,AI_HUNTER_RSS
2026,AIH-E3A574EA02A5CBE5,Blak-blakan Tim Kajian Pengusul Ubah Nama Jabar Jadi Tatar Sunda,https://www.cnnindonesia.com/nasional/20260708141808-20-1378347/blak-blakan-tim-kajian-pengusul-ubah-nama-jabar-jadi-tatar-sunda,,Usulan perubahan nama Provinsi Jabar jadi Tatar Sunda mendapat dukungan DPRD untuk dibahas. Guru Besar Unpad yang jadi tim kajian blak-blakan soal usulan itu.,DRAFT_REVIEW_NEEDS_EVIDENCE,,,,,,APBN/APBD_NEEDS_MAPPING,AI_HUNTER_RSS
2026,AIH-66AAD0736D4358BD,KPK Panggil Ketua DPRD hingga Kadis Perkebunan Kuansing Hari Ini,https://www.cnnindonesia.com/nasional/20260708142406-12-1378352/kpk-panggil-ketua-dprd-hingga-kadis-perkebunan-kuansing-hari-ini,,KPK jadwalkan pemeriksaan Ketua DPRD Kuansing dan Kepala Dinas Perkebunan terkait dugaan suap. Tiga tersangka ditahan dalam kasus ini.,DRAFT_REVIEW_NEEDS_EVIDENCE,,,,,,APBN/APBD_NEEDS_MAPPING,AI_HUNTER_RSS
2026,AIH-FC8F08746BE44161,DPRD Jabar Bakal Uji Publik soal Usulan Nama Provinsi Tatar Sunda,https://www.cnnindonesia.com/nasional/20260707210209-32-1378079/dprd-jabar-bakal-uji-publik-soal-usulan-nama-provinsi-tatar-sunda,,DPRD Jabar akan uji publik usulan perubahan nama provinsi menjadi Tatar Sunda. Ketua Komisi I DPRD Jabar menyebut tak ada wilayah non-Sunda di sana.,DRAFT_REVIEW_NEEDS_EVIDENCE,,,,,,APBN/APBD_NEEDS_MAPPING,AI_HUNTER_RSS
2026,AIH-AD49C9703EBB2AA1,"DPRD Kota Bogor Dorong Keberlanjutan Program Padat Karya, Bantu Ekonomi Masyarakat",https://nasional.tempo.co/read/2119547/dprd-kota-bogor-dorong-keberlanjutan-program-padat-karya-bantu-ekonomi-masyarakat,,Program Padat Karya Kota Bogor melibatkan sekitar 1.700 warga untuk membantu pemeliharaan fasilitas publik sekaligus memberikan penghasilan tambahan bagi masyar,DRAFT_REVIEW_NEEDS_EVIDENCE,,,,,,APBN/APBD_NEEDS_MAPPING,AI_HUNTER_RSS
2026,AIH-5BD279949EFAFC6B,DPRD Kota Bogor Fasilitasi Solusi Relokasi Pedagang Tanaman Hias Jalan Semeru,https://nasional.tempo.co/read/2119546/dprd-kota-bogor-fasilitasi-solusi-relokasi-pedagang-tanaman-hias-jalan-semeru,,Wakil Ketua DPRD Kota Bogor Zenal Abidin akan memfasilitasi pertemuan untuk mencari solusi bagi 15 pedagang tanaman hias Jalan Semeru yang diminta mengosongkan ,DRAFT_REVIEW_NEEDS_EVIDENCE,,,,,,APBN/APBD_NEEDS_MAPPING,AI_HUNTER_RSS
2026,AIH-D68ECF8FBC28758A,DPRD Kota Bogor Ingatkan Rumah Sakit untuk Tidak Menolak Pasien Gawat Darurat,https://nasional.tempo.co/read/2119545/dprd-kota-bogor-ingatkan-rumah-sakit-untuk-tidak-menolak-pasien-gawat-darurat,,Komisi IV DPRD Kota Bogor mengingatkan rumah sakit tidak menolak pasien gawat darurat dan memastikan prosedur rujukan berjalan sesuai ketentuan.,DRAFT_REVIEW_NEEDS_EVIDENCE,,,,,,APBN/APBD_NEEDS_MAPPING,AI_HUNTER_RSS
2026,AIH-97FE7E41648311AD,DPRD Kota Bogor Dukung Rencana GMKB Gelar Bogor Bersholawat pada 21 November 2026,https://nasional.tempo.co/read/2119544/dprd-kota-bogor-dukung-rencana-gmkb-gelar-bogor-bersholawat-pada-21-november-2026,,DPRD Kota Bogor mendukung rencana GMKB menggelar Bogor Bersholawat pada 21 November 2026 yang akan melibatkan sekitar 200 majelis taklim se-Kota Bogor.,DRAFT_REVIEW_NEEDS_EVIDENCE,,,,,,APBN/APBD_NEEDS_MAPPING,AI_HUNTER_RSS
2026,AIH-88BD63248A16C085,"HUT ke-12 RSUD Kota Bogor, DPRD Ajak Tingkatkan Kualitas Pelayanan Kesehatan",https://nasional.tempo.co/read/2119543/hut-ke-12-rsud-kota-bogor-dprd-ajak-tingkatkan-kualitas-pelayanan-kesehatan,,"Ketua DPRD Kota Bogor Adityawarman Adil mengajak RSUD Kota Bogor terus meningkatkan kualitas pelayanan kesehatan agar semakin cepat, profesional, dan optimal ba",DRAFT_REVIEW_NEEDS_EVIDENCE,,,,,,APBN/APBD_NEEDS_MAPPING,AI_HUNTER_RSS
2026,AIH-84F11AA85560B9AF,Menghadirkan Rumah Layak untuk Warga Banten,https://nasional.tempo.co/read/2119558/menghadirkan-rumah-layak-untuk-warga-banten,,Pemerintah Provinsi Banten meraih penghargaan untuk kategori Implementasi Program 3 Juta Rumah dalam ajang Apresiasi Pemerintah Daerah Berprestasi 2026 Batch II,DRAFT_REVIEW_NEEDS_EVIDENCE,,,,,,APBN/APBD_NEEDS_MAPPING,AI_HUNTER_RSS
2026,AIH-EB7C9D3D4F41AF14,Tiga Juara untuk Surabaya,https://nasional.tempo.co/read/2119555/tiga-juara-untuk-surabaya,,Pemerintah Kota Surabaya menyabet penghargaan untuk tiga kategori dalam Apresiasi Pemerintah Daerah Berprestasi 2026 Batch II Regional Jawa-Bali. Tiga kategori ,DRAFT_REVIEW_NEEDS_EVIDENCE,,,,,,APBN/APBD_NEEDS_MAPPING,AI_HUNTER_RSS
2026,AIH-1E896F34AF6A6B64,Baleg Serap Masukan Perubahan Status Jakarta hingga Pengurangan Anggota DPRD untuk Prolegnas 2027,https://nasional.tempo.co/read/2119560/baleg-serap-masukan-perubahan-status-jakarta-hingga-pengurangan-anggota-dprd-untuk-prolegnas-2027,,"Baleg DPR RI menerima berbagai masukan untuk penyusunan Prolegnas Prioritas 2027, termasuk penyesuaian regulasi pasca perubahan status Jakarta dan wacana pengur",DRAFT_REVIEW_NEEDS_EVIDENCE,,,,,,APBN/APBD_NEEDS_MAPPING,AI_HUNTER_RSS
